id,module,group_area,name,private_public,group_type,group_owner,department,note,create_date,updated_by,update_date
1527,1,catalogue,Jean Faubert 2,PUBLIC,Loan,MBOUCHARD,,,2007-06-18 14:23:45 UTC,,
1653,1,catalogue,Ledum loan,PUBLIC,Loan,MBOUCHARD,,,2007-10-22 11:40:25 UTC,,
1702,1,catalogue,Forgotten ledum,PUBLIC,,MBOUCHARD,,,2008-01-15 07:55:39 UTC,,
1717,1,catalogue,Newmaster Loan - Callicladium haldanianum,PUBLIC,Loan,MBOUCHARD,,"Groupe 1 of three groups. Other gorups are:
Newmaster Loan - Leucopelis menziesii & Newmaster Loan - Pseudobryum cinclidioides",2008-01-18 13:45:31 UTC,PFRANK,2010-03-15 10:22:31 UTC
1726,1,catalogue,Newmaster Loan - Pseudobryum cinclididoides,PUBLIC,,MBOUCHARD,,,2008-01-25 11:02:36 UTC,PFRANK,2010-03-15 10:26:37 UTC
1727,1,catalogue,Newmaster Loan - Leucolepis menziesii,PUBLIC,,MBOUCHARD,,,2008-01-25 11:03:45 UTC,PFRANK,2010-03-15 10:24:01 UTC
1729,1,catalogue,Newmaster Loan - Trachycystis flagellaris,PUBLIC,Loan,MBOUCHARD,,,2008-01-25 15:11:59 UTC,PFRANK,2010-03-15 10:27:26 UTC
1733,1,catalogue,Newmaster Loan - Leptodictyum humile,PUBLIC,Loan,MBOUCHARD,,,2008-01-28 13:49:59 UTC,PFRANK,2010-03-15 10:23:38 UTC
1734,1,catalogue,Newmaster Loan - Leptodictyum sp.,PUBLIC,Loan,MBOUCHARD,,,2008-01-29 09:02:07 UTC,PFRANK,2010-03-15 10:23:54 UTC
1735,1,catalogue,Newmaster Loan - Homomallium adnatum,PUBLIC,Loan,MBOUCHARD,,,2008-01-29 09:07:23 UTC,PFRANK,2010-03-15 10:23:23 UTC
1736,1,catalogue,Newmaster Loan - Homomallium sp.,PUBLIC,Loan,MBOUCHARD,,,2008-01-29 09:19:40 UTC,PFRANK,2010-03-15 10:23:31 UTC
1737,1,catalogue,Newmaster Loan - Leptodictyum riparium,PUBLIC,Loan,MBOUCHARD,,,2008-01-29 10:36:32 UTC,PFRANK,2010-03-15 10:23:46 UTC
1767,1,catalogue,Eriocaulon Loan - Parnell,PUBLIC,,MBOUCHARD,,,2008-02-11 10:31:50 UTC,PFRANK,2010-03-15 10:21:59 UTC
1770,1,catalogue,Newmaster -February,PUBLIC,Loan,MBOUCHARD,,,2008-02-13 13:34:50 UTC,,
1784,1,catalogue,Newmaster Loan - Cinclidium stygium,PUBLIC,,MBOUCHARD,,,2008-02-22 11:02:24 UTC,MBOUCHARD,2011-10-20 08:47:17 UTC
1787,1,catalogue,Newmaster Loan - Mnium ambiguum,PUBLIC,,MBOUCHARD,,,2008-02-23 13:28:02 UTC,PFRANK,2010-03-15 10:24:08 UTC
1789,1,catalogue,Newmaster Loan - Mnium arizonicum,PUBLIC,,MBOUCHARD,,,2008-02-25 10:33:28 UTC,PFRANK,2010-03-15 10:24:15 UTC
1791,1,catalogue,Newmaster Loan - Mnium blyttii,PUBLIC,,MBOUCHARD,,,2008-02-25 10:45:30 UTC,PFRANK,2010-03-15 10:24:22 UTC
1792,1,catalogue,Newmaster Loan - Mnium hornum,PUBLIC,,MBOUCHARD,,,2008-02-25 11:11:02 UTC,PFRANK,2010-03-15 10:24:29 UTC
1793,1,catalogue,Newmaster Loan - Mnium marginatum,PUBLIC,,MBOUCHARD,,,2008-02-25 13:26:27 UTC,PFRANK,2010-03-15 10:24:36 UTC
1795,1,catalogue,Newmaster Loan - Mnium stellare,PUBLIC,,MBOUCHARD,,,2008-02-26 11:06:34 UTC,MBOUCHARD,2011-10-20 08:51:34 UTC
1796,1,catalogue,Newmaster Loan - Mnium thomsonii,PUBLIC,,MBOUCHARD,,,2008-02-26 11:25:55 UTC,PFRANK,2010-03-15 10:25:07 UTC
1797,1,catalogue,Newmaster Loan - Mnium sp.,PUBLIC,,MBOUCHARD,,,2008-02-26 13:29:51 UTC,PFRANK,2010-03-15 10:24:43 UTC
1798,1,catalogue,Agrestia loan to Helsinki,PUBLIC,Loan,MBOUCHARD,,,2008-02-27 13:33:08 UTC,,
1812,1,catalogue,Newmaster Loan - Rhizomnium andrewsianum & Rhizomnium appalachianum,PUBLIC,Loan,MBOUCHARD,,,2008-03-14 10:39:19 UTC,PFRANK,2010-03-15 10:26:44 UTC
1813,1,catalogue,Newmaster Loan - Rhizomnium glabrescens,PUBLIC,Loan,MBOUCHARD,,,2008-03-17 08:08:00 UTC,PFRANK,2010-03-15 10:26:51 UTC
1814,1,catalogue,Newmaster Loan - Rhizomnium gracile,PUBLIC,Loan,MBOUCHARD,,,2008-03-17 08:54:24 UTC,MBOUCHARD,2013-09-19 16:16:05 UTC
1815,1,catalogue,Newmaster Loan - Rhizomnium magnifolium,PUBLIC,Loan,MBOUCHARD,,,2008-03-17 09:51:13 UTC,PFRANK,2010-03-15 10:27:04 UTC
1822,1,catalogue,Newmaster Loan - Rhizomnium nudum,PUBLIC,Loan,MBOUCHARD,,,2008-03-19 10:57:56 UTC,PFRANK,2010-03-15 10:27:12 UTC
1823,1,catalogue,Newmaster Loan-Plagiomnium ciliare,PUBLIC,Loan,MBOUCHARD,,Newmaster loan,2008-03-19 11:07:20 UTC,,
1825,1,catalogue,Newmaster Loan - Rhizomnium pseudopunctatum,PUBLIC,Loan,MBOUCHARD,,,2008-03-19 11:57:35 UTC,PFRANK,2010-03-15 10:27:19 UTC
1827,1,catalogue,Newmaster Loan-Rhizomnium punctatum,PUBLIC,,MBOUCHARD,,,2008-03-19 13:01:24 UTC,,
1828,1,catalogue,Newmaster Loan-Rhizomnium punctatum ssp. chlorophyllosum,PUBLIC,Loan,MBOUCHARD,,,2008-03-19 15:05:57 UTC,,
1829,1,catalogue,Newmaster Loan-Rhizomnium sp.,PUBLIC,Loan,MBOUCHARD,,,2008-03-19 15:22:04 UTC,,
1830,1,catalogue,Newmaster Loan - Plagiomnium cuspidatum,PUBLIC,Loan,MBOUCHARD,,,2008-03-19 15:52:50 UTC,PFRANK,2010-03-15 10:25:19 UTC
1831,1,catalogue,Newmaster Loan - Plagiomnium drummondii,PUBLIC,Loan,MBOUCHARD,,,2008-03-20 11:38:11 UTC,PFRANK,2010-03-15 10:25:28 UTC
1832,1,catalogue,Newmaster Loan - Plagiomnium ellipticum,PUBLIC,Loan,MBOUCHARD,,,2008-03-21 09:58:33 UTC,PFRANK,2010-03-15 10:25:36 UTC
1833,1,catalogue,Newmaster Loan - Plagiomnium insigne,PUBLIC,Loan,MBOUCHARD,,,2008-03-21 15:48:17 UTC,PFRANK,2010-03-15 10:25:44 UTC
1834,1,catalogue,Newmaster Loan - Plagiomnium medium,PUBLIC,Loan,MBOUCHARD,,,2008-03-22 09:14:01 UTC,PFRANK,2010-03-15 10:25:52 UTC
1835,1,catalogue,Newmaster Loan - Plagiomnium medium ssp. curvatulum,PUBLIC,Loan,MBOUCHARD,,,2008-03-23 12:49:47 UTC,PFRANK,2010-03-15 10:26:00 UTC
1836,1,catalogue,Newmaster Loan - Plagiomnium rostratum,PUBLIC,Loan,MBOUCHARD,,,2008-03-23 13:03:10 UTC,PFRANK,2010-03-15 10:26:08 UTC
1837,1,catalogue,Newmaster Loan - Plagiomnium venustum,PUBLIC,Loan,MBOUCHARD,,,2008-03-23 13:22:06 UTC,PFRANK,2010-03-15 10:26:30 UTC
1844,1,catalogue,Lauriault Loan - Asclepias,PUBLIC,Loan,MBOUCHARD,,,2008-04-08 09:33:11 UTC,,
1879,1,catalogue,CPT loan to CCI,PUBLIC,Loan,MBOUCHARD,,,2008-05-23 10:51:07 UTC,,
1899,1,catalogue,Darbyshire Loan - Pastinaca sativa (ON),PUBLIC,Loan,MBOUCHARD,,,2008-07-09 11:12:29 UTC,,
1900,1,catalogue,Darbyshire Loan - Pastinaca sativa (QC),PUBLIC,Loan,MBOUCHARD,,,2008-07-09 13:31:38 UTC,,
1901,1,catalogue,Darbyshire Loan - Pastinaca sativa (NB),PUBLIC,Loan,MBOUCHARD,,,2008-07-09 14:12:34 UTC,,
1902,1,catalogue,Darbyshire Loan - Pastinaca sativa (NS),PUBLIC,Loan,MBOUCHARD,,,2008-07-09 14:17:46 UTC,,
1903,1,catalogue,Darbyshire Loan - Pastinaca sativa (BC),PUBLIC,,MBOUCHARD,,,2008-07-09 14:19:50 UTC,,
1904,1,catalogue,Darbyshire Loan - Pastinaca sativa (NT),PUBLIC,,MBOUCHARD,,,2008-07-09 14:20:40 UTC,,
1905,1,catalogue,Darbyshire Loan - Pastinaca sativa (AB-SK-MB),PUBLIC,,MBOUCHARD,,,2008-07-09 14:40:40 UTC,,
1908,1,catalogue,Lafarge Loan - Aulacomnium palustre,PUBLIC,Loan,MBOUCHARD,,,2008-07-10 15:38:50 UTC,,
1909,1,catalogue,Lafarge Loan - Aulacomnium palustre (NT),PUBLIC,Loan,MBOUCHARD,,,2008-07-11 10:47:02 UTC,,
1911,1,catalogue,Lafarge Loan - Aulacomnium palustre (NU),PUBLIC,Loan,MBOUCHARD,,,2008-07-15 10:14:44 UTC,,
1913,1,catalogue,Lafarge Loan - Aulacomnium palustre (EU),PUBLIC,Loan,MBOUCHARD,,,2008-07-16 10:10:12 UTC,,
1914,1,catalogue,Lafarge loan - Aulacomnium palustre var.,PUBLIC,Loan,MBOUCHARD,,,2008-07-16 13:45:05 UTC,,
1931,1,catalogue,Georeferenced Ranunculus & others,PUBLIC,,MBOUCHARD,,,2008-08-19 09:35:21 UTC,,
2005,1,catalogue,Salicornia rubra,PUBLIC,Exhibition,MBOUCHARD,,,2008-12-22 13:20:17 UTC,,
2023,1,catalogue,PEI Mosses advanced search,PUBLIC,General Inquiry,MBOUCHARD,,,2009-01-28 11:36:01 UTC,,
2081,1,catalogue,Oxytropis loan,PUBLIC,Loan,MBOUCHARD,,,2009-03-19 11:49:19 UTC,,
2089,1,catalogue,Draba for Elven,PUBLIC,General Inquiry,MBOUCHARD,,,2009-04-06 08:42:01 UTC,,
2099,1,catalogue,LP2006-0204,PUBLIC,,MBOUCHARD,,,2009-04-07 13:44:05 UTC,,
2163,1,catalogue,Amelanchier loan for DAO,PUBLIC,Loan,MBOUCHARD,,,2009-06-22 09:27:05 UTC,,
2183,1,catalogue,Hypogymnia austerodes,PUBLIC,Loan,MBOUCHARD,,,2009-07-09 14:17:41 UTC,,
2185,1,catalogue,Hypogymnia loan to Goward,PUBLIC,Loan,MBOUCHARD,,,2009-07-15 07:16:59 UTC,,
2192,1,catalogue,Linum lewisii,PUBLIC,Loan,MBOUCHARD,,,2009-07-22 09:01:36 UTC,,
2228,1,catalogue,Sphagnum pylaisii & tenellum,PUBLIC,Loan,MBOUCHARD,,,2009-09-17 11:05:54 UTC,,
2364,1,catalogue,Euphrasia type search,PUBLIC,,MBOUCHARD,,,2010-03-04 11:10:21 UTC,,
2411,1,catalogue,Loan to DAO-Artemisia biennis,PUBLIC,Loan,MBOUCHARD,,,2010-05-06 11:32:17 UTC,MBOUCHARD,2010-05-06 15:07:13 UTC
2495,1,catalogue,A2009.0045,PUBLIC,,MBOUCHARD,,,2010-09-09 14:23:15 UTC,MBOUCHARD,2010-09-09 14:23:18 UTC
2496,1,catalogue,A2009.0047,PUBLIC,,MBOUCHARD,,,2010-09-10 08:53:04 UTC,MBOUCHARD,2010-09-10 08:53:58 UTC
2498,1,catalogue,A2007.0058,PUBLIC,,MBOUCHARD,,,2010-09-10 11:15:58 UTC,MBOUCHARD,2010-09-10 11:16:04 UTC
2500,1,catalogue,A2010.0062,PUBLIC,,MBOUCHARD,,,2010-09-10 11:18:22 UTC,MBOUCHARD,2010-09-10 11:18:28 UTC
2502,1,catalogue,A2007.0007,PUBLIC,,MBOUCHARD,,,2010-09-10 11:20:54 UTC,MBOUCHARD,2010-09-10 11:20:58 UTC
2549,1,catalogue,Loan for Norman Dignard,PUBLIC,,MBOUCHARD,,Loan of Huperzia selago from the world,2010-10-20 07:54:01 UTC,MBOUCHARD,2010-10-20 09:01:46 UTC
2552,1,catalogue,Macoun 2010,PUBLIC,,MBOUCHARD,,Specimens selected by PYW for packet transfer,2010-10-22 11:42:13 UTC,MBOUCHARD,2010-10-22 11:42:17 UTC
2704,1,catalogue,Eagle Hill loan 2011,PUBLIC,Loan,MBOUCHARD,,Specimen used for demonstration,2011-05-25 15:08:49 UTC,MBOUCHARD,2011-05-25 15:10:59 UTC
2705,1,catalogue,Eagle Hill TLC 2011,PUBLIC,Loan,MBOUCHARD,,Set for TLC test,2011-05-25 15:14:34 UTC,MBOUCHARD,2011-05-25 15:21:14 UTC
2707,1,catalogue,A2010.0011,PUBLIC,,MBOUCHARD,,,2011-06-03 11:39:29 UTC,MBOUCHARD,2011-06-03 11:39:34 UTC
2708,1,catalogue,A2010.0034,PUBLIC,,MBOUCHARD,,,2011-06-03 15:07:50 UTC,MBOUCHARD,2011-06-03 15:07:55 UTC
2709,1,catalogue,A2010.0073,PUBLIC,,MBOUCHARD,,,2011-06-03 15:12:32 UTC,MBOUCHARD,2011-06-03 15:12:37 UTC
2710,1,catalogue,Loan to UPOS Carex maritima and C. canescens,PUBLIC,Loan,MBOUCHARD,,,2011-06-06 12:55:05 UTC,BOTDATA1,2011-06-10 09:11:41 UTC
2760,1,catalogue,Loan to Micheline Bouchard,PUBLIC,Loan,MBOUCHARD,,Vouchers for illustration,2011-09-09 10:13:28 UTC,MBOUCHARD,2011-09-09 10:46:10 UTC
2787,1,catalogue,Request for Canadian plant records,PUBLIC,,MBOUCHARD,,"On behalf of Dr. Cota-Sanchez, the Curator of the W.P. Fraser Herbarium (SASK), we request a listing of records (current and historical) of your Canadian herbarium holdings of the following plants:
Droseraceae: Drosera anglica, D. liinearis, D. rotundifolia
Lentibulariaceae: Pinguicula villosa, P. vulgaris, Utricula cornuta, U. intermedia, U. minor, U. macrohiza
Sarracenuaceae: Sarracenia purpurea

Some of you have already sent us your Saskatchewan records. Dr. Cota-Sanchez has decided to expand his research project to include all Canadian records of the above plants. We would appreciate it if you could provide the label data for your specimens on an Excel spreadsheet including the following information:
- your accession number
- locality information
- habitat information
- date collected
- collector name(s) and number
Or, if it is more convenient, photocopies or scanned images of the label data can be sent.
",2011-09-30 08:05:35 UTC,MBOUCHARD,2011-09-30 08:14:47 UTC
2788,1,catalogue,A2008.0009,PUBLIC,,MBOUCHARD,,,2011-09-30 15:09:33 UTC,,
2789,1,catalogue,A2008.0009,PUBLIC,,MBOUCHARD,,,2011-09-30 15:10:14 UTC,MBOUCHARD,2011-09-30 15:10:21 UTC
2803,1,catalogue,Repairs to A2010.0094,PUBLIC,,MBOUCHARD,,Delete wrong collector number then add Type to correct number,2011-10-13 13:34:49 UTC,MBOUCHARD,2011-10-13 13:35:01 UTC
2811,1,catalogue,Alectoria sarmentosa from BC,PUBLIC,,MBOUCHARD,,,2011-10-18 09:56:14 UTC,MBOUCHARD,2011-10-18 09:56:45 UTC
2817,1,catalogue,BC lichen species for Alaska,PUBLIC,General Inquiry,MBOUCHARD,,"Bryoria cervinula, B. bicolor, Lobaria linita, L. pulmonaria, Usnea longissima,& Ramalina menziesii",2011-10-24 08:05:11 UTC,MBOUCHARD,2011-10-24 08:11:09 UTC
2819,1,catalogue,Loan-Jungermannia-Faubert-Audrey,PUBLIC,Loan,MBOUCHARD,,,2011-10-24 09:46:05 UTC,MBOUCHARD,2011-10-24 09:53:18 UTC
2824,1,catalogue,Macoun 2009,PUBLIC,,MBOUCHARD,,,2011-10-26 13:50:41 UTC,MBOUCHARD,2011-10-26 14:40:57 UTC
2827,1,catalogue,Eriphorum holotype,PUBLIC,,MBOUCHARD,,,2011-10-28 09:17:12 UTC,MBOUCHARD,2011-10-28 09:17:14 UTC
2838,1,catalogue,Sharnoff labels,PUBLIC,,MBOUCHARD,,,2011-11-04 11:05:15 UTC,MBOUCHARD,2011-11-04 11:19:48 UTC
2839,1,catalogue,Isoneotype label,PUBLIC,,MBOUCHARD,,,2011-11-04 14:10:16 UTC,,
2845,1,catalogue,Data request for OMAFRA,PUBLIC,,MBOUCHARD,,,2011-11-09 09:02:38 UTC,MBOUCHARD,2011-11-09 09:36:45 UTC
2846,1,catalogue,Karen Dillman request BC,PUBLIC,,MBOUCHARD,,,2011-11-09 10:42:52 UTC,MBOUCHARD,2011-11-09 10:44:54 UTC
2847,1,catalogue,Packet transfer,PRIVATE,,MBOUCHARD,,,2011-11-09 13:08:53 UTC,MBOUCHARD,2011-11-09 13:09:44 UTC
2849,1,catalogue,A2011.0024,PUBLIC,,MBOUCHARD,,,2011-11-15 09:57:20 UTC,MBOUCHARD,2011-11-15 09:59:56 UTC
2854,1,catalogue,Richardson-Sable Island labels,PUBLIC,,MBOUCHARD,,,2011-11-18 11:33:00 UTC,MBOUCHARD,2011-11-18 11:33:14 UTC
2855,1,catalogue,A2009.0062,PUBLIC,,MBOUCHARD,,,2011-11-18 11:42:41 UTC,MBOUCHARD,2011-11-18 14:45:08 UTC
2864,1,catalogue,Loan to Zanoni NYBG,PUBLIC,Loan,MBOUCHARD,,,2011-11-30 09:23:38 UTC,MBOUCHARD,2011-12-13 14:04:36 UTC
2868,1,catalogue,Loan to Gillespie-final exam,PUBLIC,,MBOUCHARD,,,2011-12-05 14:55:48 UTC,MBOUCHARD,2011-12-05 15:13:02 UTC
2879,1,catalogue,Ectropothecium loan,PUBLIC,Loan,MBOUCHARD,,,2011-12-09 11:28:02 UTC,MBOUCHARD,2012-01-19 13:55:52 UTC
2882,1,catalogue,A2011.0086,PUBLIC,,MBOUCHARD,,,2011-12-12 10:41:22 UTC,MBOUCHARD,2011-12-12 11:07:03 UTC
2883,1,catalogue,Loan to Saag,PUBLIC,,MBOUCHARD,,,2011-12-12 11:39:14 UTC,MBOUCHARD,2011-12-12 11:41:19 UTC
2885,1,catalogue,Extra label CANL114822,PUBLIC,,MBOUCHARD,,,2011-12-12 15:28:08 UTC,MBOUCHARD,2014-05-26 10:03:54 UTC
2890,1,catalogue,Loan to Imke Schmitt-Germany,PUBLIC,Loan,MBOUCHARD,,,2012-01-03 13:11:50 UTC,MBOUCHARD,2012-01-03 13:11:52 UTC
2895,1,catalogue,Isotype label,PUBLIC,,MBOUCHARD,,,2012-01-06 15:19:17 UTC,MBOUCHARD,2012-01-06 15:19:19 UTC
2898,1,catalogue,Macoun 2009 lost labels,PUBLIC,,MBOUCHARD,,,2012-01-11 12:30:54 UTC,MBOUCHARD,2012-01-11 12:36:24 UTC
2899,1,catalogue,A2011.0075,PUBLIC,,MBOUCHARD,,,2012-01-12 13:59:24 UTC,MBOUCHARD,2012-01-12 14:06:12 UTC
2912,1,catalogue,Ectropothecium type loan,PUBLIC,,MBOUCHARD,,,2012-01-19 14:11:01 UTC,MBOUCHARD,2012-01-19 14:13:47 UTC
2914,1,catalogue,Type folder labels,PUBLIC,,MBOUCHARD,,,2012-01-20 15:58:26 UTC,MBOUCHARD,2012-10-24 14:36:49 UTC
2918,1,catalogue,Pogonatum pensylvanicum,PUBLIC,,MBOUCHARD,,,2012-01-26 09:24:52 UTC,MBOUCHARD,2012-01-26 09:24:54 UTC
2919,1,catalogue,A2011.0088,PUBLIC,,MBOUCHARD,,,2012-01-26 12:31:45 UTC,MBOUCHARD,2012-01-26 12:45:08 UTC
2921,1,catalogue,Vaccinium oxycoccos du Québec,PUBLIC,,MBOUCHARD,,,2012-01-27 12:47:14 UTC,MBOUCHARD,2012-02-03 13:32:14 UTC
2927,1,catalogue,Rubus arcticus subsp. acaulis du Québec,PUBLIC,,MBOUCHARD,,,2012-02-03 13:36:29 UTC,MBOUCHARD,2012-02-13 15:18:08 UTC
2928,1,catalogue,Cool Science -Sokoloff,PUBLIC,,MBOUCHARD,,,2012-02-07 14:38:02 UTC,MBOUCHARD,2012-02-07 14:38:51 UTC
2929,1,catalogue,A2011.0090,PUBLIC,,MBOUCHARD,,,2012-02-08 10:42:35 UTC,MBOUCHARD,2012-02-08 10:42:36 UTC
2932,1,catalogue,A2011.0079,PUBLIC,,MBOUCHARD,,,2012-02-14 14:39:48 UTC,MBOUCHARD,2012-02-14 15:03:33 UTC
2934,1,catalogue,Stachys loan,PUBLIC,,MBOUCHARD,,,2012-02-15 08:51:18 UTC,MBOUCHARD,2012-03-06 15:31:51 UTC
2937,1,catalogue,Lepraria eburnea label,PUBLIC,,MBOUCHARD,,,2012-02-16 13:04:44 UTC,MBOUCHARD,2012-02-16 13:04:45 UTC
2939,1,catalogue,Acadia loan,PUBLIC,,MBOUCHARD,,,2012-02-17 11:58:19 UTC,MBOUCHARD,2012-02-17 11:59:22 UTC
2948,1,catalogue,Correction to labels Brodo A2011.0075,PUBLIC,,MBOUCHARD,,,2012-02-23 14:46:05 UTC,MBOUCHARD,2012-02-23 14:51:31 UTC
2949,1,catalogue,A2011.0075 difficult one,PUBLIC,,MBOUCHARD,,,2012-02-23 15:02:01 UTC,MBOUCHARD,2014-08-26 15:49:40 UTC
2953,1,catalogue,Schoenoplectus loan,PUBLIC,Loan,MBOUCHARD,,,2012-02-29 08:36:26 UTC,MBOUCHARD,2012-03-06 10:29:56 UTC
2956,1,catalogue,A2012.0018,PUBLIC,,MBOUCHARD,,,2012-02-29 16:49:57 UTC,MBOUCHARD,2012-02-29 16:58:23 UTC
2962,1,catalogue,Stachys loan MBB,PUBLIC,,MBOUCHARD,,,2012-03-06 15:36:51 UTC,MBOUCHARD,2012-03-06 15:36:57 UTC
2964,1,catalogue,Pond Inlet for Lavoie,PUBLIC,,MBOUCHARD,,,2012-03-07 15:29:37 UTC,MBOUCHARD,2012-05-17 11:11:09 UTC
2965,1,catalogue,Bylot Island for Lavoie,PUBLIC,,MBOUCHARD,,,2012-03-07 15:36:31 UTC,MBOUCHARD,2012-03-07 15:37:03 UTC
2983,1,catalogue,"Loan to UPOS, Spain",PUBLIC,,MBOUCHARD,,,2012-03-27 09:19:07 UTC,MBOUCHARD,2012-04-20 10:59:15 UTC
2987,1,catalogue,Loan to Jean Faubert 2012 - Grimmia elatior,PUBLIC,,MBOUCHARD,,,2012-03-27 12:33:30 UTC,MBOUCHARD,2012-03-27 12:33:46 UTC
2998,1,catalogue,Placopsis loan to McCune,PUBLIC,,MBOUCHARD,,,2012-04-17 07:14:18 UTC,MBOUCHARD,2012-04-17 07:14:46 UTC
3001,1,catalogue,Loan to Stephen Clayden-April 2012,PUBLIC,,MBOUCHARD,,,2012-04-24 10:26:47 UTC,MBOUCHARD,2012-04-26 14:51:30 UTC
3013,1,catalogue,A2012.0033,PUBLIC,,MBOUCHARD,,,2012-04-25 11:07:06 UTC,MBOUCHARD,2012-04-25 11:26:30 UTC
3017,1,catalogue,A2008.0075,PUBLIC,,MBOUCHARD,,Transfered form Bird collection acquisition,2012-04-27 08:45:38 UTC,MBOUCHARD,2012-04-27 08:53:44 UTC
3027,1,catalogue,Pond(s) Inlet-Arctic Bay-Admiralty Inlet-Bylot Island,PUBLIC,,MBOUCHARD,,,2012-05-17 11:17:10 UTC,MBOUCHARD,2012-05-17 12:38:36 UTC
3028,1,catalogue,Lavoie,PUBLIC,,MBOUCHARD,,,2012-05-17 14:52:37 UTC,MBOUCHARD,2012-05-31 10:08:12 UTC
3031,1,catalogue,Silene acaulis loan to Oslo,PUBLIC,,MBOUCHARD,,,2012-05-22 12:08:56 UTC,MBOUCHARD,2012-05-22 12:40:59 UTC
3032,1,catalogue,Medicago sativa loan for DAO,PUBLIC,,MBOUCHARD,,,2012-05-22 14:49:17 UTC,MBOUCHARD,2012-06-06 14:19:08 UTC
3033,1,catalogue,Pond Inlet out on loan,PUBLIC,,MBOUCHARD,,,2012-05-23 09:10:05 UTC,MBOUCHARD,2012-05-23 09:13:27 UTC
3047,1,catalogue,Loan to Étienne Léveillé-Bourret 1,PUBLIC,,MBOUCHARD,,,2012-06-11 10:10:53 UTC,MBOUCHARD,2012-06-11 11:08:52 UTC
3049,1,catalogue,MT loan Potentilla,PUBLIC,,MBOUCHARD,,,2012-06-11 13:39:18 UTC,MBOUCHARD,2012-06-11 13:52:56 UTC
3050,1,catalogue,Loan Brassicaceae DAO June 2012,PUBLIC,,MBOUCHARD,,,2012-06-12 13:31:49 UTC,MBOUCHARD,2012-06-12 14:36:23 UTC
3053,1,catalogue,Loan Potentilla vahliana (MT),PUBLIC,,MBOUCHARD,,Loan to Etienne Leveille-Bourret,2012-06-14 09:01:04 UTC,MBOUCHARD,2012-06-15 12:12:06 UTC
3061,1,catalogue,A2012.0033: 125117 to 125192,PUBLIC,,MBOUCHARD,,,2012-06-27 11:29:19 UTC,MBOUCHARD,2012-06-27 11:33:16 UTC
3062,1,catalogue,Medicago sativa et al - missed,PUBLIC,,MBOUCHARD,,,2012-06-28 15:02:57 UTC,MBOUCHARD,2012-06-28 15:44:58 UTC
3068,1,catalogue,Leptogium rivulare loan to Goward,PUBLIC,,MBOUCHARD,,,2012-07-10 09:05:36 UTC,MBOUCHARD,2012-07-10 09:11:16 UTC
3069,1,catalogue,A2012-0050: 125194 to 125240,PUBLIC,,MBOUCHARD,,,2012-07-11 15:01:39 UTC,MBOUCHARD,2012-07-13 09:03:20 UTC
3082,1,catalogue,Barcelona loan,PUBLIC,,MBOUCHARD,,,2012-07-23 13:21:08 UTC,MBOUCHARD,2012-07-23 13:22:28 UTC
3083,1,catalogue,A2012.0058,PUBLIC,,MBOUCHARD,,,2012-07-23 13:48:00 UTC,MBOUCHARD,2012-07-23 13:55:09 UTC
3089,1,catalogue,Loan to Steven Selva,PUBLIC,,MBOUCHARD,,,2012-07-26 15:45:53 UTC,MBOUCHARD,2012-07-26 15:47:48 UTC
3092,1,catalogue,A2012.0046,PUBLIC,,MBOUCHARD,,,2012-08-01 10:10:01 UTC,MBOUCHARD,2012-08-02 14:53:12 UTC
3105,1,catalogue,Scott Pritchett molecular work ,PUBLIC,,MBOUCHARD,,,2012-09-04 16:15:56 UTC,MBOUCHARD,2012-09-05 11:20:23 UTC
3106,1,catalogue,Polygala sanguinea from Canada,PUBLIC,General Inquiry,MBOUCHARD,,"Request for data by Paul Catling, DAO",2012-09-05 11:36:43 UTC,MBOUCHARD,2012-09-10 16:47:10 UTC
3112,1,catalogue,Phlox hoodii and P. richardsonii on loan to Steffi Ickert-Bond,PUBLIC,Loan,MBOUCHARD,,,2012-09-12 08:33:16 UTC,MBOUCHARD,2012-09-27 11:19:37 UTC
3125,1,catalogue,Starr Lab 1,PUBLIC,,MBOUCHARD,,,2012-09-19 09:45:06 UTC,MBOUCHARD,2012-11-14 08:46:38 UTC
3127,1,catalogue,A2012.0050,PUBLIC,,MBOUCHARD,,,2012-09-25 07:39:09 UTC,MBOUCHARD,2012-09-25 07:41:55 UTC
3130,1,catalogue,Starr Lab 2,PUBLIC,,MBOUCHARD,,,2012-09-27 07:45:12 UTC,MBOUCHARD,2012-11-14 08:46:04 UTC
3133,1,catalogue,Starr lab 3,PUBLIC,,MBOUCHARD,,,2012-10-11 11:48:39 UTC,MBOUCHARD,2012-10-11 11:59:37 UTC
3134,1,catalogue,Starr lab 4,PUBLIC,,MBOUCHARD,,,2012-10-11 12:01:15 UTC,MBOUCHARD,2013-10-03 16:29:19 UTC
3137,1,catalogue,Moss labels,PUBLIC,,MBOUCHARD,,,2012-10-16 15:11:57 UTC,MBOUCHARD,2012-10-17 14:51:58 UTC
3138,1,catalogue,Loan to Goffinet,PUBLIC,,MBOUCHARD,,,2012-10-17 14:57:00 UTC,MBOUCHARD,2012-10-17 14:57:37 UTC
3139,1,catalogue,Correction to Erigeron glabellus,PUBLIC,,MBOUCHARD,,,2012-10-22 15:34:13 UTC,MBOUCHARD,2012-10-23 14:09:58 UTC
3148,1,catalogue,Second set duplicate CANL,PUBLIC,,MBOUCHARD,,,2012-10-29 17:00:02 UTC,MBOUCHARD,2012-10-29 17:01:46 UTC
3150,1,catalogue,Starr lab 5,PUBLIC,,MBOUCHARD,,,2012-10-30 09:15:40 UTC,MBOUCHARD,2012-10-31 10:15:15 UTC
3153,1,catalogue,Starr lab 8,PUBLIC,,MBOUCHARD,,"Various species of Asteraceae, Liliaceae, Amaryllidaceae, Iridaceae, Orchidaceae, Alismataceae, Juncaceae and Typhaceae for Julian Starr Ottawa University Botany laboratories",2012-11-06 15:05:17 UTC,MBOUCHARD,2013-10-23 16:02:54 UTC
3155,1,catalogue,Mix of species to enter?,PUBLIC,,MBOUCHARD,,,2012-11-08 15:29:25 UTC,MBOUCHARD,2012-11-08 15:34:39 UTC
3156,1,catalogue,A2012.0026,PUBLIC,,MBOUCHARD,,,2012-11-09 11:47:55 UTC,MBOUCHARD,2012-11-09 13:48:15 UTC
3159,1,catalogue,Starr lab 7,PUBLIC,Education,MBOUCHARD,,"Various species of Scrophulariaceae, Lamiaceae, Rubiaceae, Caprifoliaceae, Plantaginaceae and Orobanchaceae for Ottawa U. Botany class.",2012-11-14 08:47:37 UTC,MBOUCHARD,2012-11-14 10:30:34 UTC
3162,1,catalogue,Starr Lab 9,PUBLIC,Education,MBOUCHARD,,Various species of Cyperaceae and Poaceae,2012-11-16 10:36:15 UTC,MBOUCHARD,2013-10-28 16:53:32 UTC
3163,1,catalogue,Starr Lab 6,PUBLIC,,MBOUCHARD,,,2012-11-16 14:14:41 UTC,MBOUCHARD,2012-11-20 13:24:48 UTC
3164,1,catalogue,Mix of species with unknown purpose,PUBLIC,,MBOUCHARD,,"Oxytropis lagopus var. lagopus, Cryptantha,Halimobos, Yucca, Athronia, Iris.",2012-11-19 07:56:08 UTC,MBOUCHARD,2012-11-19 14:01:44 UTC
3166,64,sites,A2012.0034,PUBLIC,,MBOUCHARD,,Brodo's Thailand colelction,2012-11-20 14:59:19 UTC,,
3167,1,catalogue,A2012.0034,PUBLIC,,MBOUCHARD,,Brodo's Thailand collection,2012-11-20 14:59:51 UTC,MBOUCHARD,2013-09-19 16:24:07 UTC
3170,1,catalogue,Amaranthus retroflexus - DAO request,PUBLIC,General Inquiry,MBOUCHARD,,,2012-11-23 14:02:50 UTC,MBOUCHARD,2012-11-27 13:55:00 UTC
3171,1,catalogue,A2012.0057,PUBLIC,,MBOUCHARD,,,2012-12-05 13:58:25 UTC,MBOUCHARD,2012-12-05 16:35:25 UTC
3177,1,catalogue,Amaranthus retroflexus,PUBLIC,,MBOUCHARD,,,2012-12-11 10:55:45 UTC,MBOUCHARD,2012-12-11 10:56:10 UTC
3193,1,catalogue,Labels for Colin,PUBLIC,,MBOUCHARD,,,2013-01-04 11:43:29 UTC,MBOUCHARD,2013-01-04 11:43:44 UTC
3201,1,catalogue,CANL 57752 new label,PUBLIC,,MBOUCHARD,,,2013-01-08 16:00:40 UTC,MBOUCHARD,2013-08-30 14:04:56 UTC
3209,1,catalogue,Lauron-Moreau sample request,PUBLIC,,MBOUCHARD,,,2013-01-18 15:49:05 UTC,MBOUCHARD,2013-01-23 09:50:14 UTC
3210,1,catalogue,Populus balsamifera of Ontario,PUBLIC,General Inquiry,MBOUCHARD,,,2013-01-21 13:58:12 UTC,MBOUCHARD,2014-05-06 15:20:48 UTC
3215,1,catalogue,Loan to Ken Farr 2013,PUBLIC,,MBOUCHARD,,,2013-02-05 10:25:56 UTC,MBOUCHARD,2013-02-05 13:15:15 UTC
3216,1,catalogue,Labels for Karen,PUBLIC,,MBOUCHARD,,,2013-02-05 16:00:17 UTC,MBOUCHARD,2013-02-05 16:42:40 UTC
3219,1,catalogue,Lauron-Moreau sample request 2,PUBLIC,,MBOUCHARD,,,2013-02-07 13:52:40 UTC,MBOUCHARD,2013-02-07 13:55:07 UTC
3226,1,catalogue,Tortella rigens for Hedenas,PUBLIC,,MBOUCHARD,,,2013-02-18 13:32:09 UTC,MBOUCHARD,2013-02-18 13:33:27 UTC
3227,1,catalogue,Loan to Knudsen 2013-02,PUBLIC,,MBOUCHARD,,,2013-02-18 14:25:44 UTC,MBOUCHARD,2013-02-18 14:29:50 UTC
3228,1,catalogue,Nathalie Rodrigue Zostera,PUBLIC,,MBOUCHARD,,,2013-02-19 11:29:05 UTC,MBOUCHARD,2013-02-19 11:29:07 UTC
3230,1,catalogue,Loan to Michael Windham - Duke,PUBLIC,Loan,MBOUCHARD,,,2013-02-20 17:09:01 UTC,MBOUCHARD,2013-02-20 17:09:04 UTC
3231,1,catalogue,Type loan to Windham 2013,PUBLIC,,MBOUCHARD,,,2013-02-21 15:11:34 UTC,MBOUCHARD,2013-02-21 15:12:44 UTC
3232,1,catalogue,Label for Boechera quebecensis folder,PUBLIC,,MBOUCHARD,,,2013-02-21 15:15:51 UTC,MBOUCHARD,2013-02-21 15:15:54 UTC
3234,1,catalogue,A2012.0045,PUBLIC,,MBOUCHARD,,,2013-02-26 15:59:32 UTC,MBOUCHARD,2013-02-26 16:00:38 UTC
3235,1,catalogue,A2013.0006,PUBLIC,,MBOUCHARD,,,2013-02-26 16:09:34 UTC,MBOUCHARD,2013-02-26 16:09:39 UTC
3236,1,catalogue,A2013.0011,PUBLIC,,MBOUCHARD,,,2013-02-26 16:15:39 UTC,MBOUCHARD,2013-02-26 16:15:56 UTC
3237,1,catalogue,A2013.0011 extra,PUBLIC,,MBOUCHARD,,,2013-02-26 16:45:42 UTC,MBOUCHARD,2013-02-26 16:48:03 UTC
3240,1,catalogue,Loan to Frances Anderson - Leptogium,PUBLIC,,MBOUCHARD,,,2013-02-28 09:16:45 UTC,MBOUCHARD,2013-02-28 10:38:05 UTC
3242,1,catalogue,Anderson Loan extra specimens,PUBLIC,,MBOUCHARD,,,2013-03-04 09:13:25 UTC,MBOUCHARD,2013-03-04 14:31:49 UTC
3243,1,catalogue,LP2006-0046,PUBLIC,,MBOUCHARD,,,2013-03-06 10:31:16 UTC,MBOUCHARD,2013-03-06 11:01:11 UTC
3244,1,catalogue,Type label for Impatiens isotype,PUBLIC,,MBOUCHARD,,,2013-03-07 09:42:09 UTC,MBOUCHARD,2013-03-07 10:22:15 UTC
3246,1,catalogue,Duplicate labels for exchange - Freebury,PUBLIC,,MBOUCHARD,,,2013-03-08 13:08:23 UTC,MBOUCHARD,2013-03-08 13:09:26 UTC
3247,1,catalogue,Arctic Gallery loan,PUBLIC,,MBOUCHARD,,,2013-03-12 09:00:22 UTC,MBOUCHARD,2013-03-12 09:00:51 UTC
3248,1,catalogue,Italy dup,PUBLIC,,MBOUCHARD,,,2013-03-12 14:11:13 UTC,MBOUCHARD,2013-03-12 14:11:15 UTC
3249,1,catalogue,Loan to I.M. Brodo for Lecture,PUBLIC,,MBOUCHARD,,,2013-03-12 15:14:10 UTC,MBOUCHARD,2013-03-12 15:51:54 UTC
3251,1,catalogue,A2011.0081,PUBLIC,,MBOUCHARD,,,2013-03-13 12:49:17 UTC,MBOUCHARD,2013-03-13 12:49:52 UTC
3252,1,catalogue,A2012.0020,PUBLIC,,MBOUCHARD,,,2013-03-13 12:51:07 UTC,MBOUCHARD,2013-03-13 13:00:59 UTC
3253,1,catalogue,Martin Lipman photos,PUBLIC,,MBOUCHARD,,,2013-03-14 08:22:40 UTC,MBOUCHARD,2013-03-14 08:24:10 UTC
3254,1,catalogue,Arctic Caryophyllaceae,PUBLIC,,MBOUCHARD,,,2013-03-18 08:58:44 UTC,MBOUCHARD,2014-05-14 07:43:23 UTC
3258,1,catalogue,Arabidopsis loan to Germany,PUBLIC,,MBOUCHARD,,,2013-03-21 07:47:07 UTC,MBOUCHARD,2013-03-21 07:53:52 UTC
3261,1,catalogue,Arctic Exhibit Bryophyte,PUBLIC,,MBOUCHARD,,,2013-03-22 14:46:40 UTC,MBOUCHARD,2013-03-22 14:46:42 UTC
3262,1,catalogue,Arctic Exhibit Lichen,PUBLIC,,MBOUCHARD,,,2013-03-22 14:47:07 UTC,MBOUCHARD,2013-04-03 13:55:13 UTC
3264,1,catalogue,Anemone Arctic Gallery loan,PUBLIC,,MBOUCHARD,,,2013-03-28 08:18:07 UTC,MBOUCHARD,2013-03-28 08:18:29 UTC
3266,1,catalogue,Sokoloff-Soper-Talk,PUBLIC,,MBOUCHARD,,,2013-04-02 17:20:25 UTC,MBOUCHARD,2013-04-02 17:21:07 UTC
3269,1,catalogue,CANL125025 to 125028,PUBLIC,,MBOUCHARD,,,2013-04-05 16:28:03 UTC,MBOUCHARD,2013-04-05 16:30:25 UTC
3272,1,catalogue,CANL125590 label,PUBLIC,,MBOUCHARD,,,2013-04-09 14:45:42 UTC,MBOUCHARD,2013-04-09 14:50:24 UTC
3281,1,catalogue,Loan to Myllys-Alectoria types,PUBLIC,,MBOUCHARD,,,2013-04-16 17:33:38 UTC,MBOUCHARD,2013-04-16 17:35:56 UTC
3286,1,catalogue,"DAO loan Polygonum, Holcus",PUBLIC,,MBOUCHARD,,,2013-04-24 08:44:55 UTC,MBOUCHARD,2013-04-30 14:54:26 UTC
3291,1,catalogue,Lepraria label,PUBLIC,,MBOUCHARD,,,2013-05-03 16:23:24 UTC,MBOUCHARD,2013-05-03 16:23:25 UTC
3297,1,catalogue,Gratiola type label,PUBLIC,,MBOUCHARD,,,2013-05-09 12:53:01 UTC,PFRANK,2013-05-09 13:13:57 UTC
3298,1,catalogue,Brachythecium acutum pret,PUBLIC,,MBOUCHARD,,,2013-05-09 13:46:00 UTC,MBOUCHARD,2013-05-09 14:30:14 UTC
3306,1,catalogue,CANM labels 331738 to 332144,PUBLIC,,MBOUCHARD,,,2013-05-16 13:57:48 UTC,MBOUCHARD,2013-05-16 14:49:06 UTC
3307,1,catalogue,CANL labels 125629 - 125635,PUBLIC,,MBOUCHARD,,,2013-05-16 14:10:02 UTC,MBOUCHARD,2013-05-16 14:11:12 UTC
3308,1,catalogue,Extra labels CANM,PUBLIC,,MBOUCHARD,,,2013-05-16 15:57:37 UTC,MBOUCHARD,2013-08-29 15:16:39 UTC
3316,1,catalogue,Label reprints after corrections,PUBLIC,,MBOUCHARD,,,2013-05-27 09:53:05 UTC,MBOUCHARD,2013-05-27 09:53:06 UTC
3318,1,catalogue,CANM corrected labels to print,PUBLIC,,MBOUCHARD,,,2013-05-27 15:28:57 UTC,MBOUCHARD,2013-05-27 15:51:20 UTC
3319,1,catalogue,CANM 331724,PUBLIC,,MBOUCHARD,,,2013-05-28 10:38:07 UTC,MBOUCHARD,2013-05-28 10:44:53 UTC
3320,1,catalogue,Duplicate CANM labels,PUBLIC,,MBOUCHARD,,,2013-05-28 10:46:48 UTC,MBOUCHARD,2013-05-28 10:47:31 UTC
3321,1,catalogue,Malaysian lichen duplicate,PUBLIC,,MBOUCHARD,,,2013-05-28 11:25:14 UTC,MBOUCHARD,2013-05-28 11:27:05 UTC
3322,1,catalogue,CANM duplicates for Colleen,PUBLIC,,MBOUCHARD,,,2013-05-28 11:47:25 UTC,MBOUCHARD,2013-05-28 11:48:10 UTC
3323,1,catalogue,Loan to Judith Harpel,PUBLIC,,MBOUCHARD,,,2013-05-29 09:29:34 UTC,MBOUCHARD,2013-06-03 08:24:02 UTC
3326,1,catalogue,"Loan to DAO for GRDI project: Orobanche, Centaurea, Crupina",PUBLIC,,MBOUCHARD,,,2013-06-03 09:26:00 UTC,MBOUCHARD,2013-06-04 16:31:03 UTC
3327,1,catalogue,DUP for CANM EMPM,PUBLIC,,MBOUCHARD,,,2013-06-06 09:16:34 UTC,MBOUCHARD,2013-06-06 09:18:43 UTC
3328,1,catalogue,Extra DUP for CANM EMPM,PUBLIC,,MBOUCHARD,,,2013-06-06 09:20:14 UTC,MBOUCHARD,2013-06-06 13:41:26 UTC
3330,1,catalogue,Dryopteris fragrans loan to SUNY ,PUBLIC,,MBOUCHARD,,,2013-06-07 15:45:02 UTC,MBOUCHARD,2013-06-07 15:51:21 UTC
3335,1,catalogue,LP2008-0025-2,PUBLIC,,MBOUCHARD,,,2013-06-13 13:42:01 UTC,MBOUCHARD,2013-06-13 13:42:39 UTC
3336,1,catalogue,LP2008-0038-2,PUBLIC,,MBOUCHARD,,,2013-06-13 13:52:22 UTC,MBOUCHARD,2013-06-13 13:53:41 UTC
3337,1,catalogue,LP2008-0038-CANM-3,PUBLIC,,MBOUCHARD,,,2013-06-13 14:00:38 UTC,,
3343,1,catalogue,EMP CANM duplicate,PUBLIC,,MBOUCHARD,,,2013-06-27 10:15:13 UTC,MBOUCHARD,2013-06-27 10:33:57 UTC
3344,1,catalogue,EMP CANM duplicate second set,PUBLIC,,MBOUCHARD,,,2013-06-27 10:49:13 UTC,MBOUCHARD,2013-06-27 10:50:48 UTC
3345,1,catalogue,Single label,PUBLIC,,MBOUCHARD,,,2013-06-27 11:22:22 UTC,MBOUCHARD,2013-06-27 11:22:24 UTC
3352,1,catalogue,A2013.0027,PUBLIC,,MBOUCHARD,,,2013-07-16 08:14:43 UTC,MBOUCHARD,2013-07-16 08:14:49 UTC
3353,1,catalogue,Modified A2013.0027,PUBLIC,,MBOUCHARD,,,2013-07-16 09:11:58 UTC,,
3354,1,catalogue,Modified A2013.0027.2,PUBLIC,,MBOUCHARD,,,2013-07-16 09:25:58 UTC,MBOUCHARD,2013-07-16 09:39:56 UTC
3355,1,catalogue,Lables Salix separated sheet CAN46216,PUBLIC,,MBOUCHARD,,,2013-07-17 11:47:04 UTC,MBOUCHARD,2013-07-17 11:48:20 UTC
3357,1,catalogue,Colleen duplicate labels,PUBLIC,,MBOUCHARD,,,2013-07-18 17:16:10 UTC,MBOUCHARD,2013-07-18 17:16:55 UTC
3359,1,catalogue,Trillium loan,PUBLIC,,MBOUCHARD,,,2013-07-24 08:52:08 UTC,MBOUCHARD,2013-08-02 07:42:47 UTC
3363,1,catalogue,CANM missing labels,PUBLIC,,MBOUCHARD,,,2013-07-25 14:31:06 UTC,MBOUCHARD,2013-07-25 14:32:03 UTC
3364,1,catalogue,Bryum capillare CANM 329429,PUBLIC,,MBOUCHARD,,,2013-07-25 14:57:59 UTC,MBOUCHARD,2013-07-25 14:58:09 UTC
3367,1,catalogue,Missing CANM labels,PUBLIC,,MBOUCHARD,,,2013-07-31 11:21:05 UTC,MBOUCHARD,2013-07-31 11:24:39 UTC
3368,1,catalogue,Polygonum sacchalinense loan to DAO,PUBLIC,,MBOUCHARD,,,2013-07-31 14:04:44 UTC,MBOUCHARD,2013-07-31 14:14:32 UTC
3370,1,catalogue,"Labels CANL125357, 35, 50, 43",PUBLIC,,MBOUCHARD,,,2013-08-12 11:21:07 UTC,MBOUCHARD,2013-08-12 11:50:46 UTC
3371,1,catalogue,Duplicate of CANL 125365,PUBLIC,,MBOUCHARD,,,2013-08-12 11:51:36 UTC,MBOUCHARD,2014-12-18 12:09:33 UTC
3374,1,catalogue,Rhizocarpon haidensis loan to Fryday,PUBLIC,,MBOUCHARD,,,2013-08-19 12:07:38 UTC,MBOUCHARD,2013-08-21 13:46:54 UTC
3378,1,catalogue,Marsh missed labels,PUBLIC,,MBOUCHARD,,,2013-08-22 09:49:04 UTC,MBOUCHARD,2013-08-22 09:50:00 UTC
3380,1,catalogue,Alaska Loan,PUBLIC,,MBOUCHARD,,,2013-08-27 14:55:05 UTC,MBOUCHARD,2014-05-09 16:04:25 UTC
3381,1,catalogue,A2013.0041,PUBLIC,,MBOUCHARD,,,2013-09-04 13:47:13 UTC,MBOUCHARD,2013-09-05 12:53:35 UTC
3384,1,catalogue,A2013.0040 (types only),PUBLIC,,MBOUCHARD,,,2013-09-05 16:17:37 UTC,MBOUCHARD,2013-09-05 16:59:19 UTC
3385,1,catalogue,A2012.0025 (types only),PUBLIC,,MBOUCHARD,,,2013-09-06 10:32:56 UTC,,
3387,1,catalogue,CANM label 2013-09-09,PUBLIC,,MBOUCHARD,,,2013-09-09 10:28:55 UTC,MBOUCHARD,2013-09-09 10:34:33 UTC
3388,1,catalogue,CANM duplicate,PUBLIC,,MBOUCHARD,,,2013-09-09 10:35:15 UTC,MBOUCHARD,2013-09-09 10:36:36 UTC
3389,1,catalogue,CANM duplicate extra 2,PUBLIC,,MBOUCHARD,,,2013-09-09 10:38:17 UTC,MBOUCHARD,2013-09-09 10:38:36 UTC
3390,1,catalogue,CANL types various,PUBLIC,,MBOUCHARD,,,2013-09-09 11:01:59 UTC,MBOUCHARD,2013-09-11 15:18:42 UTC
3393,1,catalogue,U of Ottawa lab 2,PUBLIC,,MBOUCHARD,,,2013-09-17 09:39:43 UTC,MBOUCHARD,2013-09-17 09:40:51 UTC
3394,1,catalogue,A2013.0019 label,PUBLIC,,MBOUCHARD,,,2013-09-18 10:20:14 UTC,MBOUCHARD,2013-09-18 11:35:51 UTC
3397,1,catalogue,Loan to DAO - Lythrum salicaria,PUBLIC,,MBOUCHARD,,,2013-09-19 09:25:12 UTC,MBOUCHARD,2015-02-09 07:55:50 UTC
3408,1,catalogue,Nathalie Rodrigue loan 2013,PUBLIC,,MBOUCHARD,,,2013-10-07 14:02:50 UTC,MBOUCHARD,2013-10-07 14:03:06 UTC
3412,1,catalogue,Macoun labels,PUBLIC,,MBOUCHARD,,,2013-10-16 09:59:29 UTC,MBOUCHARD,2013-10-16 10:20:48 UTC
3413,1,catalogue,Lendemer loan - Leptogium saturninum,PUBLIC,,MBOUCHARD,,,2013-10-16 16:08:06 UTC,MBOUCHARD,2013-10-16 16:08:15 UTC
3417,1,catalogue,Label for CAN 465156,PUBLIC,,MBOUCHARD,,,2013-10-30 09:18:14 UTC,MBOUCHARD,2013-10-30 09:18:16 UTC
3418,1,catalogue,LAbel for CAN 465156,PUBLIC,,MBOUCHARD,,,2013-10-30 11:11:26 UTC,MBOUCHARD,2013-10-30 11:11:29 UTC
3424,1,catalogue,Type loan of Claytonia porsildii,PUBLIC,,MBOUCHARD,,,2013-11-06 13:47:44 UTC,MBOUCHARD,2013-11-06 13:47:52 UTC
3425,1,catalogue,Claytonia loan to Ickert-Bond,PUBLIC,,MBOUCHARD,,,2013-11-06 13:53:21 UTC,MBOUCHARD,2014-01-14 13:53:21 UTC
3445,1,catalogue,Loan to Trevor Goward - Polychidium dendriscum CANL 122657,PUBLIC,,MBOUCHARD,,,2013-12-16 11:51:36 UTC,MBOUCHARD,2013-12-16 11:51:46 UTC
3446,1,catalogue,Loan to Printzen -Catillaria melanopotamica types,PUBLIC,,MBOUCHARD,,,2013-12-16 16:57:43 UTC,MBOUCHARD,2013-12-16 16:58:13 UTC
3447,1,catalogue,Loan to Printzen - Catillaria phaeolomiza,PUBLIC,,MBOUCHARD,,,2013-12-16 16:58:59 UTC,MBOUCHARD,2013-12-16 17:01:14 UTC
3512,1,catalogue,Test for Karen,PUBLIC,,MBOUCHARD,,,2014-01-21 11:30:50 UTC,MBOUCHARD,2014-01-21 11:30:54 UTC
3513,1,catalogue,Test,PRIVATE,Count my entries,MBOUCHARD,,,2014-01-22 14:01:10 UTC,,
3514,1,catalogue,Bennett lot,PUBLIC,,MBOUCHARD,,,2014-01-22 15:30:18 UTC,MBOUCHARD,2014-01-22 15:46:33 UTC
3519,1,catalogue,Arenaria rossii ssp. elegans for Shan.,PUBLIC,,MBOUCHARD,,,2014-01-27 15:04:08 UTC,MBOUCHARD,2014-01-28 17:02:19 UTC
3530,1,catalogue,Loan of Viola novae-angliae for Ballard,PUBLIC,,MBOUCHARD,,,2014-01-30 09:39:34 UTC,MBOUCHARD,2014-01-30 12:59:39 UTC
3541,1,catalogue,Extra,PUBLIC,,MBOUCHARD,,,2014-02-03 13:17:28 UTC,,
3551,1,catalogue,Xylographa loan to Spribille - 2014,PUBLIC,,MBOUCHARD,,,2014-02-05 09:06:00 UTC,MBOUCHARD,2014-02-05 10:34:40 UTC
3555,1,catalogue,A2010.0096,PUBLIC,,MBOUCHARD,,,2014-02-06 08:47:54 UTC,MBOUCHARD,2014-02-06 08:48:51 UTC
3567,1,catalogue,Oldham dup labels,PUBLIC,,MBOUCHARD,,,2014-02-10 13:15:16 UTC,MBOUCHARD,2014-02-11 14:15:53 UTC
3572,1,catalogue,Armeria loan to QC,PUBLIC,,MBOUCHARD,,,2014-02-11 11:53:49 UTC,MBOUCHARD,2014-02-13 15:57:33 UTC
3599,1,catalogue,Loan to Thailand,PUBLIC,,MBOUCHARD,,,2014-02-18 15:22:56 UTC,MBOUCHARD,2014-02-18 16:07:04 UTC
3605,1,catalogue,Duplicate label for Brinker,PUBLIC,,MBOUCHARD,,,2014-02-19 11:52:38 UTC,MBOUCHARD,2014-02-19 11:54:34 UTC
3628,1,catalogue,Dup of CANL 9035,PUBLIC,,MBOUCHARD,,,2014-02-26 10:34:40 UTC,MBOUCHARD,2014-02-27 08:12:44 UTC
3651,1,catalogue,"Dup CANM 330717,330808",PUBLIC,,MBOUCHARD,,,2014-03-05 14:51:58 UTC,MBOUCHARD,2014-03-05 14:52:19 UTC
3681,1,catalogue,Sokoloff loan Nature Talk 2014-03-18,PUBLIC,,MBOUCHARD,,,2014-03-14 16:58:21 UTC,MBOUCHARD,2014-03-14 17:05:27 UTC
3683,1,catalogue,Phalaris loan for DAO,PUBLIC,,MBOUCHARD,,,2014-03-17 14:47:11 UTC,MBOUCHARD,2014-05-22 13:23:30 UTC
3696,1,catalogue,Acorus loan to Cornell,PUBLIC,,MBOUCHARD,,,2014-03-24 10:40:35 UTC,MBOUCHARD,2014-04-09 07:55:45 UTC
3704,1,catalogue,Troy McMullin lichen loan,PUBLIC,,MBOUCHARD,,,2014-03-26 10:04:39 UTC,MBOUCHARD,2014-03-26 10:07:11 UTC
3719,1,catalogue,A2014.0002 CANM,PUBLIC,,MBOUCHARD,,,2014-04-01 15:04:37 UTC,MBOUCHARD,2014-04-01 15:04:44 UTC
3723,1,catalogue,Edible Arctic loan,PUBLIC,,MBOUCHARD,,,2014-04-02 13:53:27 UTC,MBOUCHARD,2014-04-02 14:15:09 UTC
3725,1,catalogue,Arctic Festival loan - CANM,PUBLIC,,MBOUCHARD,,,2014-04-02 17:29:21 UTC,MBOUCHARD,2014-04-02 17:38:26 UTC
3726,1,catalogue,Arctic Festival loan - CAN,PUBLIC,,MBOUCHARD,,,2014-04-02 17:32:03 UTC,MBOUCHARD,2014-04-02 17:35:34 UTC
3727,1,catalogue,Arctic Festival loan - CANL,PUBLIC,,MBOUCHARD,,,2014-04-02 17:38:57 UTC,MBOUCHARD,2014-04-02 17:39:30 UTC
3735,1,catalogue,Lendemer loan Porpidia,PUBLIC,,MBOUCHARD,,,2014-04-07 08:17:50 UTC,MBOUCHARD,2014-04-07 09:52:48 UTC
3761,1,catalogue,DAO loan Agropyron-Elaeagnus,PUBLIC,,MBOUCHARD,,,2014-04-14 15:05:18 UTC,MBOUCHARD,2014-04-24 15:55:28 UTC
3778,1,catalogue,Dup of CANM HBL,PUBLIC,,MBOUCHARD,,,2014-04-22 17:23:31 UTC,MBOUCHARD,2014-04-22 17:28:44 UTC
3782,1,catalogue,Dup CANM HBL,PUBLIC,,MBOUCHARD,,,2014-04-23 10:04:47 UTC,MBOUCHARD,2014-04-23 10:05:54 UTC
3810,1,catalogue,Loan returned from QFA,PUBLIC,,MBOUCHARD,,Specimens from Nunavut and NT returned as part of LP2001-0126,2014-05-06 15:42:23 UTC,MBOUCHARD,2014-05-07 14:22:52 UTC
3814,1,catalogue,A2013.0046,PUBLIC,,MBOUCHARD,,,2014-05-07 14:38:08 UTC,MBOUCHARD,2014-05-07 14:56:14 UTC
3818,1,catalogue,Luc Brouillet loan,PUBLIC,,MBOUCHARD,,,2014-05-08 09:12:55 UTC,KMADGE,2016-08-11 10:54:07 UTC
3836,1,catalogue,QFA loan return,PUBLIC,,MBOUCHARD,,,2014-05-14 09:17:45 UTC,MBOUCHARD,2014-05-15 15:33:25 UTC
3851,1,catalogue,Sphagnum russowii,PUBLIC,,MBOUCHARD,,,2014-05-21 14:40:31 UTC,MBOUCHARD,2014-05-21 14:40:33 UTC
3868,64,sites,Petawawa Forest,PUBLIC,,MBOUCHARD,,,2014-05-27 16:02:35 UTC,MBOUCHARD,2014-05-27 16:02:42 UTC
3869,64,sites,Albion Road Wetlands,PUBLIC,,MBOUCHARD,,,2014-05-27 16:27:21 UTC,MBOUCHARD,2014-05-27 16:27:27 UTC
3870,1,catalogue,Bells Swamp,PUBLIC,,MBOUCHARD,,,2014-05-28 07:19:07 UTC,MBOUCHARD,2014-05-28 07:19:18 UTC
3871,64,sites,Bell'S Swamp,PUBLIC,,MBOUCHARD,,,2014-05-28 07:19:50 UTC,MBOUCHARD,2014-05-28 07:19:56 UTC
3872,64,sites,Central Research Forest,PUBLIC,,MBOUCHARD,,,2014-05-28 07:30:10 UTC,MBOUCHARD,2014-05-28 07:30:16 UTC
3873,1,catalogue,Central Research Forest,PUBLIC,,MBOUCHARD,,,2014-05-28 07:42:44 UTC,DSHORTHOUSE,2017-02-03 12:42:22 UTC
3877,1,catalogue,CANL 81576 et al,PUBLIC,,MBOUCHARD,,,2014-05-28 11:50:40 UTC,MBOUCHARD,2014-05-28 11:51:06 UTC
3881,1,catalogue,A2013.0077,PUBLIC,,MBOUCHARD,,,2014-05-29 14:36:11 UTC,MBOUCHARD,2014-08-26 13:42:20 UTC
3882,1,catalogue,Hudson Lowlands vascular labels,PUBLIC,,MBOUCHARD,,,2014-05-29 15:03:12 UTC,MBOUCHARD,2014-05-29 15:03:17 UTC
3883,1,catalogue,Hudson missing,PUBLIC,,MBOUCHARD,,,2014-05-29 16:13:59 UTC,MBOUCHARD,2014-05-30 10:36:51 UTC
3885,1,catalogue,Hudson Lowland Duplicate labels,PUBLIC,,MBOUCHARD,,,2014-05-30 10:27:46 UTC,MBOUCHARD,2014-05-30 10:32:05 UTC
3889,1,catalogue,Hudson Lowland stragglers,PUBLIC,,MBOUCHARD,,,2014-05-30 16:46:04 UTC,MBOUCHARD,2014-05-30 17:09:08 UTC
3890,1,catalogue,A2013.0127,PUBLIC,,MBOUCHARD,,,2014-05-30 17:49:57 UTC,MBOUCHARD,2014-05-30 17:50:02 UTC
3901,1,catalogue,A2014.0002 - lichens,PUBLIC,,MBOUCHARD,,,2014-06-06 06:36:53 UTC,MBOUCHARD,2014-06-06 06:37:24 UTC
3907,1,catalogue,Lepraria brodoi - loan returned,PUBLIC,,MBOUCHARD,,,2014-06-11 15:41:17 UTC,MBOUCHARD,2014-06-13 15:28:02 UTC
3921,1,catalogue,Loan to Jean Faubert - Buxbaumia minakatae,PUBLIC,,MBOUCHARD,,,2014-07-29 10:24:58 UTC,MBOUCHARD,2014-07-29 10:25:20 UTC
3922,1,catalogue,Alberta Univ Zuzana Kozelkova - Potamogeton,PUBLIC,,MBOUCHARD,,,2014-07-29 10:44:59 UTC,MBOUCHARD,2014-07-29 15:06:23 UTC
3924,1,catalogue,Jacques Labrecque - Herbier du Québec,PUBLIC,,MBOUCHARD,,,2014-07-30 08:56:06 UTC,MBOUCHARD,2014-07-31 10:54:02 UTC
3925,1,catalogue,Minuartia rossii - Serge Payette,PUBLIC,,MBOUCHARD,,,2014-07-31 14:05:53 UTC,MBOUCHARD,2014-07-31 14:07:27 UTC
3927,1,catalogue,Redo labels CANM 333,PUBLIC,,MBOUCHARD,,,2014-08-13 15:01:17 UTC,MBOUCHARD,2014-08-13 15:03:40 UTC
3933,1,catalogue,A2013.0069 to change to A2012.0068,PUBLIC,,MBOUCHARD,,,2014-08-25 14:57:02 UTC,MBOUCHARD,2014-08-25 14:57:07 UTC
3934,1,catalogue,DeChaine loan - Saxifraga tricuspidata,PUBLIC,,MBOUCHARD,,,2014-08-25 16:04:03 UTC,LSHARP,2016-05-24 15:40:01 UTC
3935,1,catalogue,A2013.0097,PUBLIC,,MBOUCHARD,,,2014-08-26 13:59:48 UTC,MBOUCHARD,2014-08-26 15:11:28 UTC
3937,32,media,Decahine loan,PUBLIC,,MBOUCHARD,,,2014-08-27 12:31:42 UTC,MBOUCHARD,2014-08-27 12:31:49 UTC
3938,1,catalogue,Loan to QFA - Minuartia rossii,PUBLIC,,MBOUCHARD,,,2014-08-28 10:17:46 UTC,MBOUCHARD,2014-08-28 10:17:54 UTC
3939,64,sites,Dawson Creek (BC),PUBLIC,,MBOUCHARD,,,2014-09-08 08:17:21 UTC,MBOUCHARD,2014-09-08 08:34:52 UTC
3940,1,catalogue,Dawson Creek (BC),PUBLIC,,MBOUCHARD,,,2014-09-08 08:37:24 UTC,,
3941,1,catalogue,A2014.0013,PUBLIC,,MBOUCHARD,,,2014-09-08 12:56:15 UTC,MBOUCHARD,2014-09-08 13:05:07 UTC
3942,1,catalogue,Bennett request - Dawson Creek,PUBLIC,,MBOUCHARD,,,2014-09-09 08:59:27 UTC,MBOUCHARD,2014-09-09 08:59:38 UTC
3943,1,catalogue,CANM 333220,PUBLIC,,MBOUCHARD,,,2014-09-09 11:38:20 UTC,MBOUCHARD,2014-09-09 11:38:33 UTC
3945,1,catalogue,Lecanora rugosella loan to Prague,PUBLIC,,MBOUCHARD,,,2014-09-11 12:01:32 UTC,MBOUCHARD,2014-09-11 12:02:06 UTC
3948,1,catalogue,A2013.0067,PUBLIC,,MBOUCHARD,,,2014-09-18 09:19:33 UTC,MBOUCHARD,2014-09-18 09:42:58 UTC
3949,1,catalogue,CANL 127474,PUBLIC,,MBOUCHARD,,,2014-09-18 10:16:49 UTC,MBOUCHARD,2014-09-18 10:16:52 UTC
3950,1,catalogue,CAN 604275,PUBLIC,,MBOUCHARD,,,2014-09-18 13:19:43 UTC,MBOUCHARD,2014-09-18 13:19:44 UTC
3974,1,catalogue,Franklin Travelling Exhibit,PUBLIC,,MBOUCHARD,,,2014-10-22 15:39:27 UTC,MBOUCHARD,2014-10-22 15:46:22 UTC
3980,1,catalogue,DAO loan - Digitaria,PUBLIC,Loan,MBOUCHARD,,Digitaria ischaemum and D. sanguinalis on loan to Stepehn Darbyshire at DAO.,2014-10-31 08:00:26 UTC,MBOUCHARD,2014-10-31 10:43:36 UTC
3981,1,catalogue,DAO loan - Amelanchier,PUBLIC,Loan,MBOUCHARD,,All Amelanchier from British Columbia,2014-10-31 12:48:58 UTC,MBOUCHARD,2014-11-04 08:17:13 UTC
3986,1,catalogue,Toxicodendron radicans du Quebec,PUBLIC,,MBOUCHARD,,,2014-11-13 11:14:29 UTC,MBOUCHARD,2014-11-13 13:40:04 UTC
3989,1,catalogue,A2014.0072,PUBLIC,,MBOUCHARD,,,2014-11-14 10:51:26 UTC,MBOUCHARD,2014-11-14 10:54:55 UTC
3990,1,catalogue,Loan Trapelia Brodo NYBG,PUBLIC,,MBOUCHARD,,,2014-11-14 12:59:59 UTC,MBOUCHARD,2014-11-14 14:09:53 UTC
3993,1,catalogue,Franklin Exhibit Campbell,PUBLIC,,MBOUCHARD,,,2014-11-20 15:31:07 UTC,MBOUCHARD,2014-11-20 15:31:29 UTC
3995,1,catalogue,Loan of Acarospora canadensis to Martin Westberg,PUBLIC,,MBOUCHARD,,,2014-11-21 12:17:26 UTC,MBOUCHARD,2014-11-21 12:30:12 UTC
3996,1,catalogue,Type loan of Acarospora canadensis to Martin Westberg,PUBLIC,,MBOUCHARD,,,2014-11-21 12:32:17 UTC,MBOUCHARD,2014-11-21 12:34:27 UTC
4019,1,catalogue,New label CANL126325,PUBLIC,,MBOUCHARD,,,2014-12-18 12:02:31 UTC,MBOUCHARD,2014-12-18 12:02:37 UTC
4021,1,catalogue,A2014.0002 EXTRA,PUBLIC,,MBOUCHARD,,,2015-01-12 12:21:53 UTC,MBOUCHARD,2015-01-12 12:21:58 UTC
4028,1,catalogue,A2014.0047,PUBLIC,,MBOUCHARD,,,2015-01-13 13:20:31 UTC,MBOUCHARD,2015-01-13 13:20:37 UTC
4029,1,catalogue,A2014.0055,PUBLIC,,MBOUCHARD,,,2015-01-13 14:18:50 UTC,MBOUCHARD,2015-01-13 14:44:32 UTC
4033,1,catalogue,LP1973-0001,PUBLIC,,MBOUCHARD,,,2015-01-21 11:00:07 UTC,MBOUCHARD,2015-01-22 10:21:24 UTC
4036,1,catalogue,Request for images - LEE-YAW Julie ,PUBLIC,,MBOUCHARD,,,2015-01-30 08:18:17 UTC,MBOUCHARD,2015-01-30 10:12:39 UTC
4037,1,catalogue,DAO - Lonicera/Butomus loan,PUBLIC,,MBOUCHARD,,,2015-02-02 07:32:29 UTC,MBOUCHARD,2015-02-09 08:01:19 UTC
4072,1,catalogue,DAO Kerr & Blain,PUBLIC,,MBOUCHARD,,,2015-03-09 12:22:15 UTC,MBOUCHARD,2015-03-09 13:37:57 UTC
4073,1,catalogue,Loan to Roger Bull - 2015,PUBLIC,,MBOUCHARD,,,2015-03-10 08:51:48 UTC,MBOUCHARD,2015-03-10 08:52:08 UTC
4075,1,catalogue,Caleb Morse - Caloplaca lobulata,PUBLIC,,MBOUCHARD,,,2015-03-13 07:39:45 UTC,MBOUCHARD,2015-03-13 08:24:37 UTC
4076,1,catalogue,Caleb Morse - Lecanora perplexa,PUBLIC,,MBOUCHARD,,,2015-03-13 08:29:12 UTC,MBOUCHARD,2015-03-13 08:32:03 UTC
4077,1,catalogue,Heidmarsson lichen loan Feb 2015,PUBLIC,,MBOUCHARD,,,2015-03-16 08:17:27 UTC,,
4078,1,catalogue,Loan Heidmarsson Feb 2015,PUBLIC,,MBOUCHARD,,,2015-03-16 08:18:32 UTC,MBOUCHARD,2015-03-16 08:18:37 UTC
4079,1,catalogue,Jiri Malicek lichen loan,PUBLIC,,MBOUCHARD,,,2015-03-16 08:20:30 UTC,MBOUCHARD,2015-03-16 09:44:07 UTC
4085,1,catalogue,Lutzoni,PUBLIC,,MBOUCHARD,,,2015-03-26 10:16:44 UTC,MBOUCHARD,2015-03-26 10:16:49 UTC
4086,1,catalogue,A2015.0059,PUBLIC,,MBOUCHARD,,,2015-03-27 14:15:29 UTC,MBOUCHARD,2015-03-27 14:15:50 UTC
